Workbook

Sheet Test Cases
A1: Employee Management System — Test Cases
A2: Frontend: http://localhost:5173 | Backend: http://localhost:5000 | Database: db.json
A4: TC ID | B4: Category | C4: Test Case | D4: Input | E4: Expected Result | F4: Status
A5: TC-001 | B5: Authentication | C5: Admin login — valid credentials | D5: username: admin, password: admin123, role: Admin | E5: Login success, redirect to Admin Dashboard
A6: TC-002 | B6: Authentication | C6: Admin login — wrong password | D6: username: admin, password: wrongpass, role: Admin | E6: Error: "Invalid Admin credentials."
A7: TC-003 | B7: Authentication | C7: Admin login — wrong username | D7: username: notadmin, password: admin123, role: Admin | E7: Error: "Invalid Admin credentials."
A8: TC-004 | B8: Authentication | C8: Employee login — valid (Bala) | D8: username: bala, password: bala123, role: Employee | E8: Login success, Employee dashboard for Bala
A9: TC-005 | B9: Authentication | C9: Employee login — valid (Asbar) | D9: username: asbar, password: asbar123, role: Employee | E9: Login success, Employee dashboard for Asbar
A10: TC-006 | B10: Authentication | C10: Employee login — valid (Nithis) | D10: username: nithis, password: nithis123, role: Employee | E10: Login success, Employee dashboard for Nithis
A11: TC-007 | B11: Authentication | C11: Employee login — valid (Kamalesh) | D11: username: kamalesh, password: kamalesh123, role: Employee | E11: Login success, Employee dashboard for Kamalesh
A12: TC-008 | B12: Authentication | C12: Employee login — wrong password | D12: username: bala, password: wrongpass, role: Employee | E12: Error: "Invalid Employee credentials."
A13: TC-009 | B13: Authentication | C13: Login — empty fields | D13: Submit with empty username/password | E13: HTML5 validation prevents submission
A14: TC-010 | B14: Authentication | C14: Role switch on login page | D14: Click Admin card then Employee card | E14: Form resets, active card highlights correctly
A15: TC-011 | B15: Role-Based Access Control | C15: Employee cannot see Salary section | D15: Role: Employee | E15: Salary nav item NOT visible in sidebar
A16: TC-012 | B16: Role-Based Access Control | C16: Admin can see Salary section | D16: Role: Admin | E16: Salary nav item visible in sidebar
... A99: TC-095 | B99: Database Persistence | C99: Salary update persists | D99: Edit salary, restart server | E99: New salary in DB

Sheet Summary
A1: Test Execution Summary
A3: Total Test Cases | B3: =COUNTA('Test Cases'!A5:A99) -> 95
A4: Passed | B4: =COUNTIF('Test Cases'!F5:F99,"PASS") -> 0
A5: Failed | B5: =COUNTIF('Test Cases'!F5:F99,"FAIL") -> 0
A6: Skipped | B6: =COUNTIF('Test Cases'!F5:F99,"SKIP") -> 0
A7: Not Yet Run | B7: =B3-B4-B5-B6 -> 95
A8: Pass Rate | B8: =IFERROR(B4/B3,0) -> 0
A11: Category | B11: Total | C11: Passed | D11: Failed
A12: Authentication | B12: =COUNTIF('Test Cases'!B5:B99,A12) -> 10 | C12: =COUNTIFS('Test Cases'!B5:B99,A12,'Test Cases'!F5:F99,"PASS") -> 0 | D12: =COUNTIFS('Test Cases'!B5:B99,A12,'Test Cases'!F5:F99,"FAIL") -> 0
A13: Role-Based Access Control | B13: =COUNTIF('Test Cases'!B5:B99,A13) -> 14 | C13: =COUNTIFS('Test Cases'!B5:B99,A13,'Test Cases'!F5:F99,"PASS") -> 0 | D13: =COUNTIFS('Test Cases'!B5:B99,A13,'Test Cases'!F5:F99,"FAIL") -> 0
A14: Attendance | B14: =COUNTIF('Test Cases'!B5:B99,A14) -> 8 | C14: =COUNTIFS('Test Cases'!B5:B99,A14,'Test Cases'!F5:F99,"PASS") -> 0 | D14: =COUNTIFS('Test Cases'!B5:B99,A14,'Test Cases'!F5:F99,"FAIL") -> 0
A15: Avatar System | B15: =COUNTIF('Test Cases'!B5:B99,A15) -> 14 | C15: =COUNTIFS('Test Cases'!B5:B99,A15,'Test Cases'!F5:F99,"PASS") -> 0 | D15: =COUNTIFS('Test Cases'!B5:B99,A15,'Test Cases'!F5:F99,"FAIL") -> 0
A16: Pay Slip | B16: =COUNTIF('Test Cases'!B5:B99,A16) -> 7 | C16: =COUNTIFS('Test Cases'!B5:B99,A16,'Test Cases'!F5:F99,"PASS") -> 0 | D16: =COUNTIFS('Test Cases'!B5:B99,A16,'Test Cases'!F5:F99,"FAIL") -> 0
A17: Change Password | B17: =COUNTIF('Test Cases'!B5:B99,A17) -> 8 | C17: =COUNTIFS('Test Cases'!B5:B99,A17,'Test Cases'!F5:F99,"PASS") -> 0 | D17: =COUNTIFS('Test Cases'!B5:B99,A17,'Test Cases'!F5:F99,"FAIL") -> 0
A18: Dark/Light Mode | B18: =COUNTIF('Test Cases'!B5:B99,A18) -> 7 | C18: =COUNTIFS('Test Cases'!B5:B99,A18,'Test Cases'!F5:F99,"PASS") -> 0 | D18: =COUNTIFS('Test Cases'!B5:B99,A18,'Test Cases'!F5:F99,"FAIL") -> 0
A19: SVG Icons | B19: =COUNTIF('Test Cases'!B5:B99,A19) -> 6 | C19: =COUNTIFS('Test Cases'!B5:B99,A19,'Test Cases'!F5:F99,"PASS") -> 0 | D19: =COUNTIFS('Test Cases'!B5:B99,A19,'Test Cases'!F5:F99,"FAIL") -> 0
A20: Excel Export | B20: =COUNTIF('Test Cases'!B5:B99,A20) -> 6 | C20: =COUNTIFS('Test Cases'!B5:B99,A20,'Test Cases'!F5:F99,"PASS") -> 0 | D20: =COUNTIFS('Test Cases'!B5:B99,A20,'Test Cases'!F5:F99,"FAIL") -> 0
A21: Employee Management | B21: =COUNTIF('Test Cases'!B5:B99,A21) -> 9 | C21: =COUNTIFS('Test Cases'!B5:B99,A21,'Test Cases'!F5:F99,"PASS") -> 0 | D21: =COUNTIFS('Test Cases'!B5:B99,A21,'Test Cases'!F5:F99,"FAIL") -> 0
A22: Database Persistence | B22: =COUNTIF('Test Cases'!B5:B99,A22) -> 6 | C22: =COUNTIFS('Test Cases'!B5:B99,A22,'Test Cases'!F5:F99,"PASS") -> 0 | D22: =COUNTIFS('Test Cases'!B5:B99,A22,'Test Cases'!F5:F99,"FAIL") -> 0

Sheet Test Credentials
A1: Known Credentials for Testing
A3: Role | B3: Username | C3: Password
A4: Admin | B4: admin | C4: admin123
A5: Employee | B5: bala | C5: bala123
A6: Employee | B6: asbar | C6: asbar123
A7: Employee | B7: nithis | C7: nithis123
A8: Employee | B8: kamalesh | C8: kamalesh123
A11: How to Run Tests
A12: 1. Start backend: node server.cjs
A13: 2. Start frontend: npm run dev
A14: 3. Open browser: http://localhost:5173
A15: 4. Work through each test case
A16: 5. Mark status: PASS / FAIL / SKIP
